[
  {"video_id": 10, "data_comentario": "2024-10-13T16:00:44.512Z", "autor_username": "user11", "comentario": "great awesome interesting"},
  {"video_id": 10, "data_comentario": "2024-08-26T16:00:44.512Z", "autor_username": "user8", "comentario": "beautiful beautiful awesome"},
  {"video_id": 16, "data_comentario": "2024-11-25T16:00:44.512Z", "autor_username": "user16", "comentario": "amazing cool amazing"},
  {"video_id": 16, "data_comentario": "2024-10-20T16:00:44.512Z", "autor_username": "user4", "comentario": "cool great cool"},
  {"video_id": 16, "data_comentario": "2024-10-19T16:00:44.512Z", "autor_username": "user5", "comentario": "wonderful amazing amazing"},
  {"video_id": 16, "data_comentario": "2024-09-28T16:00:44.512Z", "autor_username": "user8", "comentario": "amazing beautiful wonderful"},
  {"video_id": 16, "data_comentario": "2024-08-25T16:00:44.512Z", "autor_username": "user17", "comentario": "cool interesting cool"},
  {"video_id": 13, "data_comentario": "2024-08-21T16:00:44.512Z", "autor_username": "user5", "comentario": "beautiful great amazing"},
  {"video_id": 11, "data_comentario": "2024-08-20T16:00:44.512Z", "autor_username": "user13", "comentario": "amazing beautiful great"},
  {"video_id": 1, "data_comentario": "2024-09-26T16:00:44.512Z", "autor_username": "user2", "comentario": "awesome wonderful amazing"},
  {"video_id": 19, "data_comentario": "2024-09-29T16:00:44.512Z", "autor_username": "user20", "comentario": "interesting wonderful great"},
  {"video_id": 19, "data_comentario": "2024-09-20T16:00:44.512Z", "autor_username": "user19", "comentario": "amazing amazing wonderful"},
  {"video_id": 2, "data_comentario": "2024-11-17T16:00:44.512Z", "autor_username": "user7", "comentario": "awesome wonderful wonderful"},
  {"video_id": 4, "data_comentario": "2024-09-14T16:00:44.512Z", "autor_username": "user8", "comentario": "wonderful great awesome"},
  {"video_id": 18, "data_comentario": "2024-09-13T16:00:44.512Z", "autor_username": "user14", "comentario": "cool beautiful awesome"},
  {"video_id": 15, "data_comentario": "2024-11-03T16:00:44.512Z", "autor_username": "user7", "comentario": "beautiful great awesome"},
  {"video_id": 15, "data_comentario": "2024-09-21T16:00:44.512Z", "autor_username": "user19", "comentario": "great great awesome"},
  {"video_id": 22, "data_comentario": "2024-11-24T16:00:44.512Z", "autor_username": "user2", "comentario": "great beautiful beautiful"},
  {"video_id": 20, "data_comentario": "2024-11-23T16:00:44.512Z", "autor_username": "user16", "comentario": "wonderful cool amazing"},
  {"video_id": 20, "data_comentario": "2024-11-03T16:00:44.512Z", "autor_username": "user2", "comentario": "interesting great great"},
  {"video_id": 20, "data_comentario": "2024-10-01T16:00:44.512Z", "autor_username": "user17", "comentario": "awesome beautiful interesting"},
  {"video_id": 7, "data_comentario": "2024-09-30T16:00:44.512Z", "autor_username": "user1", "comentario": "awesome amazing amazing"},
  {"video_id": 9, "data_comentario": "2024-11-04T16:00:44.512Z", "autor_username": "user8", "comentario": "awesome beautiful amazing"},
  {"video_id": 14, "data_comentario": "2024-10-07T16:00:44.512Z", "autor_username": "user12", "comentario": "wonderful cool beautiful"},
  {"video_id": 14, "data_comentario": "2024-09-11T16:00:44.512Z", "autor_username": "user3", "comentario": "wonderful great cool"},
  {"video_id": 21, "data_comentario": "2024-11-01T16:00:44.512Z", "autor_username": "user14", "comentario": "interesting amazing wonderful"},
  {"video_id": 21, "data_comentario": "2024-10-28T16:00:44.512Z", "autor_username": "user20", "comentario": "cool interesting great"},
  {"video_id": 17, "data_comentario": "2024-09-26T16:00:44.512Z", "autor_username": "user14", "comentario": "awesome wonderful great"},
  {"video_id": 25, "data_comentario": "2024-10-19T16:00:44.512Z", "autor_username": "user9", "comentario": "wonderful great beautiful"},
  {"video_id": 25, "data_comentario": "2024-09-19T16:00:44.512Z", "autor_username": "user11", "comentario": "cool beautiful cool"}
]
