[
    {"username": "user14", "video_id": 5, "data_evento": "2024-09-05 16:00:44.513Z", "tempo_video": 488, "tipo_evento": "pause"},
    {"username": "user14", "video_id": 6, "data_evento": "2024-09-15 16:00:44.512Z", "tempo_video": 409, "tipo_evento": "stop"},
    {"username": "user14", "video_id": 12, "data_evento": "2024-09-28 16:00:44.513Z", "tempo_video": 76, "tipo_evento": "play"},
    {"username": "user14", "video_id": 15, "data_evento": "2024-10-18 16:00:44.513Z", "tempo_video": 260, "tipo_evento": "pause"},
    {"username": "user14", "video_id": 23, "data_evento": "2024-11-18 16:00:44.512Z", "tempo_video": 320, "tipo_evento": "play"},
    {"username": "user8", "video_id": 2, "data_evento": "2024-11-14 16:00:44.512Z", "tempo_video": 343, "tipo_evento": "stop"},
    {"username": "user8", "video_id": 12, "data_evento": "2024-11-11 16:00:44.513Z", "tempo_video": 496, "tipo_evento": "pause"},
    {"username": "user8", "video_id": 19, "data_evento": "2024-10-16 16:00:44.513Z", "tempo_video": 420, "tipo_evento": "stop"},
    {"username": "user8", "video_id": 21, "data_evento": "2024-09-05 16:00:44.512Z", "tempo_video": 241, "tipo_evento": "stop"},
    {"username": "user12", "video_id": 7, "data_evento": "2024-10-28 16:00:44.513Z", "tempo_video": 354, "tipo_evento": "play"},
    {"username": "user12", "video_id": 10, "data_evento": "2024-11-15 16:00:44.512Z", "tempo_video": 28, "tipo_evento": "pause"},
    {"username": "user12", "video_id": 15, "data_evento": "2024-08-27 16:00:44.513Z", "tempo_video": 221, "tipo_evento": "play"},
    {"username": "user12", "video_id": 15, "data_evento": "2024-11-19 16:00:44.513Z", "tempo_video": 455, "tipo_evento": "stop"},
    {"username": "user12", "video_id": 16, "data_evento": "2024-11-22 16:00:44.512Z", "tempo_video": 348, "tipo_evento": "stop"},
    {"username": "user2", "video_id": 6, "data_evento": "2024-11-07 16:00:44.513Z", "tempo_video": 411, "tipo_evento": "play"},
    {"username": "user4", "video_id": 4, "data_evento": "2024-11-15 16:00:44.513Z", "tempo_video": 130, "tipo_evento": "pause"},
    {"username": "user4", "video_id": 9, "data_evento": "2024-10-01 16:00:44.513Z", "tempo_video": 325, "tipo_evento": "pause"},
    {"username": "user4", "video_id": 23, "data_evento": "2024-09-13 16:00:44.513Z", "tempo_video": 463, "tipo_evento": "play"},
    {"username": "user1", "video_id": 8, "data_evento": "2024-09-25 16:00:44.513Z", "tempo_video": 254, "tipo_evento": "play"},
    {"username": "user1", "video_id": 23, "data_evento": "2024-09-30 16:00:44.513Z", "tempo_video": 4, "tipo_evento": "play"},
    {"username": "user20", "video_id": 11, "data_evento": "2024-09-08 16:00:44.513Z", "tempo_video": 111, "tipo_evento": "stop"},
    {"username": "user10", "video_id": 18, "data_evento": "2024-11-15 16:00:44.513Z", "tempo_video": 299, "tipo_evento": "play"},
    {"username": "user3", "video_id": 22, "data_evento": "2024-11-10 16:00:44.513Z", "tempo_video": 153, "tipo_evento": "pause"},
    {"username": "user17", "video_id": 11, "data_evento": "2024-09-20 16:00:44.513Z", "tempo_video": 69, "tipo_evento": "pause"},
    {"username": "user17", "video_id": 13, "data_evento": "2024-09-13 16:00:44.513Z", "tempo_video": 272, "tipo_evento": "pause"},
    {"username": "user19", "video_id": 8, "data_evento": "2024-10-05 16:00:44.513Z", "tempo_video": 426, "tipo_evento": "play"},
    {"username": "user5", "video_id": 13, "data_evento": "2024-09-20 16:00:44.512Z", "tempo_video": 72, "tipo_evento": "stop"},
    {"username": "user16", "video_id": 12, "data_evento": "2024-09-12 16:00:44.512Z", "tempo_video": 316, "tipo_evento": "play"},
    {"username": "user18", "video_id": 3, "data_evento": "2024-10-23 16:00:44.513Z", "tempo_video": 117, "tipo_evento": "pause"},
    {"username": "user18", "video_id": 19, "data_evento": "2024-10-23 16:00:44.513Z", "tempo_video": 182, "tipo_evento": "pause"}
  ]
  