[
    {"video_id": 5, "autor_rating": "user13", "data_rating": "2024-10-16 16:00:44.513Z", "rating": 1},
    {"video_id": 5, "autor_rating": "user14", "data_rating": "2024-10-06 16:00:44.513Z", "rating": 2},
    {"video_id": 5, "autor_rating": "user14", "data_rating": "2024-11-03 16:00:44.513Z", "rating": 4},
    {"video_id": 10, "autor_rating": "user20", "data_rating": "2024-09-05 16:00:44.513Z", "rating": 4},
    {"video_id": 16, "autor_rating": "user20", "data_rating": "2024-08-30 16:00:44.513Z", "rating": 5},
    {"video_id": 16, "autor_rating": "user5", "data_rating": "2024-10-20 16:00:44.513Z", "rating": 4},
    {"video_id": 13, "autor_rating": "user18", "data_rating": "2024-09-20 16:00:44.513Z", "rating": 4},
    {"video_id": 13, "autor_rating": "user7", "data_rating": "2024-10-31 16:00:44.513Z", "rating": 5},
    {"video_id": 13, "autor_rating": "user8", "data_rating": "2024-08-27 16:00:44.513Z", "rating": 2},
    {"video_id": 11, "autor_rating": "user19", "data_rating": "2024-11-04 16:00:44.513Z", "rating": 2},
    {"video_id": 1, "autor_rating": "user13", "data_rating": "2024-09-12 16:00:44.513Z", "rating": 3},
    {"video_id": 1, "autor_rating": "user13", "data_rating": "2024-10-25 16:00:44.513Z", "rating": 4},
    {"video_id": 1, "autor_rating": "user17", "data_rating": "2024-09-12 16:00:44.513Z", "rating": 4},
    {"video_id": 1, "autor_rating": "user5", "data_rating": "2024-10-15 16:00:44.513Z", "rating": 2},
    {"video_id": 19, "autor_rating": "user19", "data_rating": "2024-09-04 16:00:44.513Z", "rating": 2},
    {"video_id": 8, "autor_rating": "user14", "data_rating": "2024-09-03 16:00:44.513Z", "rating": 4},
    {"video_id": 8, "autor_rating": "user18", "data_rating": "2024-10-07 16:00:44.513Z", "rating": 4},
    {"video_id": 4, "autor_rating": "user1", "data_rating": "2024-10-18 16:00:44.513Z", "rating": 4},
    {"video_id": 4, "autor_rating": "user19", "data_rating": "2024-11-08 16:00:44.513Z", "rating": 4},
    {"video_id": 4, "autor_rating": "user6", "data_rating": "2024-09-28 16:00:44.513Z", "rating": 5},
    {"video_id": 18, "autor_rating": "user8", "data_rating": "2024-10-25 16:00:44.513Z", "rating": 5},
    {"video_id": 18, "autor_rating": "user9", "data_rating": "2024-10-09 16:00:44.513Z", "rating": 1},
    {"video_id": 20, "autor_rating": "user3", "data_rating": "2024-11-25 16:00:44.513Z", "rating": 4},
    {"video_id": 7, "autor_rating": "user6", "data_rating": "2024-10-12 16:00:44.513Z", "rating": 4},
    {"video_id": 6, "autor_rating": "user9", "data_rating": "2024-10-02 16:00:44.513Z", "rating": 5},
    {"video_id": 9, "autor_rating": "user2", "data_rating": "2024-10-01 16:00:44.513Z", "rating": 5},
    {"video_id": 17, "autor_rating": "user15", "data_rating": "2024-08-20 16:00:44.513Z", "rating": 1},
    {"video_id": 17, "autor_rating": "user15", "data_rating": "2024-09-10 16:00:44.513Z", "rating": 2},
    {"video_id": 17, "autor_rating": "user9", "data_rating": "2024-11-12 16:00:44.513Z", "rating": 2},
    {"video_id": 24, "autor_rating": "user10", "data_rating": "2024-11-18 16:00:44.513Z", "rating": 2}
  ]
  