[
    {"video_id": 5, "username": "user10"},
    {"video_id": 5, "username": "user15"},
    {"video_id": 16, "username": "user7"},
    {"video_id": 13, "username": "user18"},
    {"video_id": 8, "username": "user7"},
    {"video_id": 2, "username": "user7"},
    {"video_id": 18, "username": "user10"},
    {"video_id": 18, "username": "user11"},
    {"video_id": 15, "username": "user9"},
    {"video_id": 22, "username": "user13"},
    {"video_id": 14, "username": "user20"},
    {"video_id": 21, "username": "user19"},
    {"video_id": 17, "username": "user12"},
    {"video_id": 12, "username": "user12"},
    {"video_id": 12, "username": "user15"}
  ]
  