[
    {
        "username": "user14",
        "data_registo": "2024-11-19 16:00:44.510Z",
        "email": "user14@example.com",
        "nome": "User Name 14"
    },
    {
        "username": "user8",
        "data_registo": "2024-09-13 16:00:44.510Z",
        "email": "user8@example.com",
        "nome": "User Name 8"
    },
    {
        "username": "user12",
        "data_registo": "2024-08-29 16:00:44.510Z",
        "email": "user12@example.com",
        "nome": "User Name 12"
    },
    {
        "username": "user2",
        "data_registo": "2024-11-19 16:00:44.510Z",
        "email": "user2@example.com",
        "nome": "User Name 2"
    },
    {
        "username": "user9",
        "data_registo": "2024-08-25 16:00:44.510Z",
        "email": "user9@example.com",
        "nome": "User Name 9"
    },
    {
        "username": "user13",
        "data_registo": "2024-10-19 16:00:44.510Z",
        "email": "user13@example.com",
        "nome": "User Name 13"
    },
    {
        "username": "user4",
        "data_registo": "2024-11-11 16:00:44.510Z",
        "email": "user4@example.com",
        "nome": "User Name 4"
    },
    {
        "username": "user1",
        "data_registo": "2024-11-14 16:00:44.510Z",
        "email": "user1@example.com",
        "nome": "User Name 1"
    },
    {
        "username": "user20",
        "data_registo": "2024-09-24 16:00:44.510Z",
        "email": "user20@example.com",
        "nome": "User Name 20"
    },
    {
        "username": "user10",
        "data_registo": "2024-09-29 16:00:44.510Z",
        "email": "user10@example.com",
        "nome": "User Name 10"
    },
    {
        "username": "user7",
        "data_registo": "2024-11-06 16:00:44.510Z",
        "email": "user7@example.com",
        "nome": "User Name 7"
    },
    {
        "username": "user3",
        "data_registo": "2024-10-18 16:00:44.510Z",
        "email": "user3@example.com",
        "nome": "User Name 3"
    },
    {
        "username": "user17",
        "data_registo": "2024-10-05 16:00:44.510Z",
        "email": "user17@example.com",
        "nome": "User Name 17"
    },
    {
        "username": "user6",
        "data_registo": "2024-09-09 16:00:44.510Z",
        "email": "user6@example.com",
        "nome": "User Name 6"
    },
    {
        "username": "user11",
        "data_registo": "2024-09-18 16:00:44.510Z",
        "email": "user11@example.com",
        "nome": "User Name 11"
    },
    {
        "username": "user19",
        "data_registo": "2024-11-25 16:00:44.510Z",
        "email": "user19@example.com",
        "nome": "User Name 19"
    },
    {
        "username": "user5",
        "data_registo": "2024-08-29 16:00:44.510Z",
        "email": "user5@example.com",
        "nome": "User Name 5"
    },
    {
        "username": "user16",
        "data_registo": "2024-10-07 16:00:44.510Z",
        "email": "user16@example.com",
        "nome": "User Name 16"
    },
    {
        "username": "user15",
        "data_registo": "2024-08-25 16:00:44.510Z",
        "email": "user15@example.com",
        "nome": "User Name 15"
    },
    {
        "username": "user18",
        "data_registo": "2024-10-13 16:00:44.510Z",
        "email": "user18@example.com",
        "nome": "User Name 18"
    }
]
