[
    {
        "video_id": 23,
        "autor_username": "user19",
        "data_upload": "2024-11-20 16:00:44.511Z",
        "descricao": "great great awesome",
        "nome": "Video 23",
        "tags": ["tag1", "tag3"]
    },
    {
        "video_id": 5,
        "autor_username": "user9",
        "data_upload": "2024-10-10 16:00:44.511Z",
        "descricao": "interesting cool great",
        "nome": "Video 5",
        "tags": ["tag1", "tag10", "tag6"]
    },
    {
        "video_id": 10,
        "autor_username": "user1",
        "data_upload": "2024-11-18 16:00:44.511Z",
        "descricao": "interesting beautiful awesome",
        "nome": "Video 10",
        "tags": ["tag3", "tag7"]
    },
    {
        "video_id": 16,
        "autor_username": "user8",
        "data_upload": "2024-11-11 16:00:44.511Z",
        "descricao": "amazing wonderful beautiful",
        "nome": "Video 16",
        "tags": ["tag5", "tag7"]
    },
    {
        "video_id": 13,
        "autor_username": "user3",
        "data_upload": "2024-10-19 16:00:44.511Z",
        "descricao": "beautiful cool amazing",
        "nome": "Video 13",
        "tags": ["tag11"]
    },
    {
        "video_id": 11,
        "autor_username": "user15",
        "data_upload": "2024-09-29 16:00:44.511Z",
        "descricao": "cool interesting awesome",
        "nome": "Video 11",
        "tags": ["tag11", "tag14", "tag4"]
    },
    {
        "video_id": 1,
        "autor_username": "user19",
        "data_upload": "2024-10-14 16:00:44.510Z",
        "descricao": "beautiful beautiful awesome",
        "nome": "Video 1",
        "tags": ["tag14", "tag2", "tag9"]
    },
    {
        "video_id": 19,
        "autor_username": "user18",
        "data_upload": "2024-11-08 16:00:44.511Z",
        "descricao": "amazing wonderful beautiful",
        "nome": "Video 19",
        "tags": ["tag12", "tag4"]
    },
    {
        "video_id": 8,
        "autor_username": "user20",
        "data_upload": "2024-11-23 16:00:44.511Z",
        "descricao": "interesting awesome cool",
        "nome": "Video 8",
        "tags": ["tag5", "tag6", "tag7"]
    },
    {
        "video_id": 2,
        "autor_username": "user14",
        "data_upload": "2024-10-06 16:00:44.510Z",
        "descricao": "amazing cool awesome",
        "nome": "Video 2",
        "tags": ["tag4", "tag6"]
    },
    {
        "video_id": 4,
        "autor_username": "user10",
        "data_upload": "2024-08-27 16:00:44.511Z",
        "descricao": "awesome beautiful awesome",
        "nome": "Video 4",
        "tags": ["tag9"]
    },
    {
        "video_id": 18,
        "autor_username": "user6",
        "data_upload": "2024-11-18 16:00:44.511Z",
        "descricao": "great great wonderful",
        "nome": "Video 18",
        "tags": ["tag12", "tag14", "tag2"]
    },
    {
        "video_id": 15,
        "autor_username": "user18",
        "data_upload": "2024-09-04 16:00:44.511Z",
        "descricao": "great beautiful amazing",
        "nome": "Video 15",
        "tags": ["tag3"]
    },
    {
        "video_id": 22,
        "autor_username": "user11",
        "data_upload": "2024-09-29 16:00:44.511Z",
        "descricao": "beautiful great awesome",
        "nome": "Video 22",
        "tags": ["tag4", "tag7", "tag8"]
    },
    {
        "video_id": 20,
        "autor_username": "user16",
        "data_upload": "2024-10-08 16:00:44.511Z",
        "descricao": "cool beautiful cool",
        "nome": "Video 20",
        "tags": ["tag10"]
    },
    {
        "video_id": 7,
        "autor_username": "user11",
        "data_upload": "2024-08-23 16:00:44.511Z",
        "descricao": "interesting great amazing",
        "nome": "Video 7",
        "tags": ["tag12"]
    },
    {
        "video_id": 6,
        "autor_username": "user20",
        "data_upload": "2024-11-09 16:00:44.511Z",
        "descricao": "beautiful great awesome",
        "nome": "Video 6",
        "tags": ["tag10"]
    },
    {
        "video_id": 9,
        "autor_username": "user19",
        "data_upload": "2024-08-24 16:00:44.511Z",
        "descricao": "amazing wonderful cool",
        "nome": "Video 9",
        "tags": ["tag14", "tag8", "tag9"]
    },
    {
        "video_id": 14,
        "autor_username": "user3",
        "data_upload": "2024-11-19 16:00:44.511Z",
        "descricao": "amazing wonderful cool",
        "nome": "Video 14",
        "tags": ["tag13"]
    },
    {
        "video_id": 21,
        "autor_username": "user3",
        "data_upload": "2024-08-25 16:00:44.511Z",
        "descricao": "great great wonderful",
        "nome": "Video 21",
        "tags": ["tag4", "tag8"]
    },
    {
        "video_id": 17,
        "autor_username": "user20",
        "data_upload": "2024-09-11 16:00:44.511Z",
        "descricao": "great great beautiful",
        "nome": "Video 17",
        "tags": ["tag15", "tag3"]
    },
    {
        "video_id": 24,
        "autor_username": "user16",
        "data_upload": "2024-10-29 16:00:44.511Z",
        "descricao": "cool wonderful awesome",
        "nome": "Video 24",
        "tags": ["tag15", "tag2"]
    },
    {
        "video_id": 25,
        "autor_username": "user4",
        "data_upload": "2024-11-15 16:00:44.511Z",
        "descricao": "awesome amazing awesome",
        "nome": "Video 25",
        "tags": ["tag1", "tag11", "tag6"]
    },
    {
        "video_id": 12,
        "autor_username": "user13",
        "data_upload": "2024-09-01 16:00:44.511Z",
        "descricao": "awesome beautiful amazing",
        "nome": "Video 12",
        "tags": ["tag1", "tag14", "tag3"]
    },
    {
        "video_id": 3,
        "autor_username": "user8",
        "data_upload": "2024-09-19 16:00:44.510Z",
        "descricao": "amazing great great",
        "nome": "Video 3",
        "tags": ["tag11"]
    }
]
